<?xml version="1.0" encoding="UTF-8"?>
<project-private xmlns="http://www.netbeans.org/ns/project-private/1">
    <editor-bookmarks xmlns="http://www.netbeans.org/ns/editor-bookmarks/2" lastBookmarkId="0"/>
    <open-files xmlns="http://www.netbeans.org/ns/projectui-open-files/2">
        <group>
            <file>file:/C:/Users/mahes/Documents/NetBeansProjects/SuperMarketAutomationSoftware/src/supermarketautomationsoftware/UpdateManager.java</file>
            <file>file:/C:/Users/mahes/Documents/NetBeansProjects/SuperMarketAutomationSoftware/src/supermarketautomationsoftware/helll.java</file>
            <file>file:/C:/Users/mahes/Documents/NetBeansProjects/SuperMarketAutomationSoftware/src/supermarketautomationsoftware/Products.java</file>
            <file>file:/C:/Users/mahes/Documents/NetBeansProjects/SuperMarketAutomationSoftware/src/supermarketautomationsoftware/Login.java</file>
            <file>file:/C:/Users/mahes/Documents/NetBeansProjects/SuperMarketAutomationSoftware/src/supermarketautomationsoftware/splash.java</file>
            <file>file:/C:/Users/mahes/Documents/NetBeansProjects/SuperMarketAutomationSoftware/src/supermarketautomationsoftware/Seller.java</file>
            <file>file:/C:/Users/mahes/Documents/NetBeansProjects/SuperMarketAutomationSoftware/src/supermarketautomationsoftware/SuperMarketAutomationSoftware.java</file>
        </group>
    </open-files>
</project-private>
